experiment	axis_changed	alpha	fixed_conditions	rmse	r2	outcome	interpretation
Baseline linear regression	none	N/A	dataset=autoresearch/data/processed.csv; split=train 2021-2023 validation 2024; target=xg; metric=validation RMSE; include_travel=True; features and preprocessing held constant	0.838832	0.113158	reference	Fresh baseline run before varying Ridge alpha.
Ridge alpha 10	Ridge regularization strength	10	dataset=autoresearch/data/processed.csv; split=train 2021-2023 validation 2024; target=xg; metric=validation RMSE; include_travel=True; features and preprocessing held constant	0.838728	0.113378	improved	Fresh run improved over baseline but did not reach the best regularization range.
Ridge alpha 100	Ridge regularization strength	100	dataset=autoresearch/data/processed.csv; split=train 2021-2023 validation 2024; target=xg; metric=validation RMSE; include_travel=True; features and preprocessing held constant	0.837978	0.114963	improved	Fresh run improved over baseline but did not reach the best regularization range.
Ridge alpha 200	Ridge regularization strength	200	dataset=autoresearch/data/processed.csv; split=train 2021-2023 validation 2024; target=xg; metric=validation RMSE; include_travel=True; features and preprocessing held constant	0.837479	0.116017	improved	Fresh run improved over baseline but did not reach the best regularization range.
Ridge alpha 300	Ridge regularization strength	300	dataset=autoresearch/data/processed.csv; split=train 2021-2023 validation 2024; target=xg; metric=validation RMSE; include_travel=True; features and preprocessing held constant	0.837258	0.116484	improved	Fresh run improved over baseline but did not reach the best regularization range.
Ridge alpha 350	Ridge regularization strength	350	dataset=autoresearch/data/processed.csv; split=train 2021-2023 validation 2024; target=xg; metric=validation RMSE; include_travel=True; features and preprocessing held constant	0.837233	0.116537	best controlled ridge result	Fresh run best RMSE in the alpha sweep.
Ridge alpha 375	Ridge regularization strength	375	dataset=autoresearch/data/processed.csv; split=train 2021-2023 validation 2024; target=xg; metric=validation RMSE; include_travel=True; features and preprocessing held constant	0.837239	0.116524	improved	Fresh run worsened after the best alpha range, suggesting too much shrinkage.
Ridge alpha 500	Ridge regularization strength	500	dataset=autoresearch/data/processed.csv; split=train 2021-2023 validation 2024; target=xg; metric=validation RMSE; include_travel=True; features and preprocessing held constant	0.837431	0.116117	improved	Fresh run worsened after the best alpha range, suggesting too much shrinkage.
Ridge alpha 1000	Ridge regularization strength	1000	dataset=autoresearch/data/processed.csv; split=train 2021-2023 validation 2024; target=xg; metric=validation RMSE; include_travel=True; features and preprocessing held constant	0.839931	0.110833	worse than baseline	Fresh run worsened after the best alpha range, suggesting too much shrinkage.
